id,answer
101/0.jpg,Thanh Đức Long Hồ Vĩnh Long
101/1.jpg,Liên Phương Thành Phố Hưng Yên Hưng Yên
101/10.jpg,51a Ấp 3 Nhơn Đức Nhà Bèê Hồ Chí Minh
101/11.jpg,Kim Tu Động Xá Gia Lâm Hà Nội
101/12.jpg,Ấp Hoà Quân Long Giao Cẩm Mỹ Đồng Nai
101/13.jpg,Hàng Bồ Hoàn Kiếm Hà Nội
101/14.jpg,4 Phamn Lịnh Công Thành Phố Hải Dương Hải Dương
101/15.jpg,Bản Chang Lê Lợi Nận Nhiân Lai Châu
101/16.jpg,Khê Kỳ Đại Từ Thàn Nguyên
101/17.jpg,Vĩnh Phúc
101/18.jpg,Thôn Hoà Bình Nghĩa Hoà Tu Nghĩa Quảng Ngãi
101/19.jpg,Khu 3 Thanh Minh Thị Xãa Phú Thọ Phú Thọ
101/2.jpg,Tổ 5 Tây Nam Vĩnh Hải Nha Trang Khánh Hoà
101/20.jpg,Quang Sơn Thành Phố Tum Điện Ninh Bình
101/21.jpg,Phú Lương Phú Vang Thừa Thiên Huế
101/22.jpg,Bộn Sối Thành Long Châu Thành Tây Ninh
101/23.jpg,Tổ Dân Phố 2 Thị Trấn Ea Tưng Cư Sct Đắk Nộng
101/24.jpg,Phú Đức Phú Nam An Chuương Mỹ Hà Nội
101/25.jpg,63/6 Hậu Giang Phường 75 Quận 2 Tp Hồ Chí Minh
101/26.jpg,Thông Nhất Thường Tến Hà Nội
101/3.jpg,Quyến Thắng Thành hố Biên Hoà Đồng Nai
101/4.jpg,Ấp Minh Dùng Minh Thuiện Minh Thượng Kiên Giang
101/5.jpg,69 Phau Văn Sửu Phường 4 Tân Bình Tp Hồ Chí Minh
101/6.jpg,Đa Phước Bình Chánh Tp Hồ Chí Minh
101/7.jpg,Ấp Hai Tdt Tây Yên A An Biên Kiên Giang
101/8.jpg,Tây Hồ Thọ Xuân Thanh Hoá
101/9.jpg,Xóm Tiân Phường Trực Hưng Trc Ninh Nam Định
14/0.jpg,9/15 Lý Chĩnh Thắng P Vố Thị Sán Q9 Tp Hồ Chí Minh
14/1.jpg,Thôn Lăng Quảng Tri Phú Chêm Hoá Tuyên Quang
14/10.jpg,Xuân Thành Xuân Lạc Đồng Nai
14/11.jpg,Tổ6 Khmu Phố A Thị Hấn Tân Hiệp Tân Hiệp Kiên Giang
14/12.jpg,659/87 5 81 Tân Tạo Bình Tân Tp Hồ Chí Minh
14/13.jpg,Thị Trấn Mỹ Lương Chợ Mới An Giang
14/14.jpg,Tổ 3 Hiệi Thương Thành Phố Pi ơhu Gia Lai
14/15.jpg,Tân Thành Tp Ninh Bình Ninh Bình
14/16.jpg,Xã Đông Xuân Huyện Đông Hưng T Thái Bình
14/17.jpg,Cẩm Châu Cẩm Thu Thanh Hoá
14/18.jpg,Tam Ngọc Thành Phố Tam Lỳ Quảng Nam
14/19.jpg,Xuân Tây Trường Xuân Tam Kỳ Quảng Nam
14/2.jpg,483/98 Kp8 Tam Hhiệp Thành Phố Biên Hoà Đồng Nai
14/20.jpg,Hoà Bắc Đại Nghĩa Đạc Lộc Quảng Nam
14/21.jpg,Thanh Mỹ Lợ Tp Thủ Đức Hồ Chí Minh
14/22.jpg,Thú Tân Châu Thành Sóc Trăng
14/23.jpg,451/39 Lạc Long Quân Phường 1 Quận 64 Tp Hồ Chí Minh
14/24.jpg,Bình Tị Bình Sơn Chuảng Ngãi
14/25.jpg,Bản Chuới Lâm Hoá Tuyên Quang Quảng Bình
14/26.jpg,59 Linh Tung K 3 Linh Tuy Thành Phú Thủ Đức Hồ Chí Minh
14/3.jpg,Thôn Liên Vân Phước Thuận Tuy Phước Bình Định
14/4.jpg,287/2 Ấp Thạnh Qu A Bình Thạnh Thạnh Phú Bến Tre
14/5.jpg,Phù Đông Nhơn Trạcn Đồng Nai
14/6.jpg,4/26 Ấp 8 Nhơn Đức Nha Lê Hồ Chí Minh
14/7.jpg,Số 87 Trân Kim Xuyến Hoà Xuân Cẩm Lụ Đà Nẵng
14/8.jpg,Hương Ngãi Thạch Thất Hà Nội
14/9.jpg,7728/42 Phạn Thủ Hiến Phường 9 Quận 6 Tp Hồ Chí Minh
164/0.jpg,Hương Sơn Long Hương T Bà Ria Bà Ria Vũng Tân
164/1.jpg,Quc Ninh Đồng Hoi Quảng Bình
164/10.jpg,Ấp Qui Nông B Hoà Lội Châu Thành Trà Vinh
164/11.jpg,66 Trần Cao Phố Huế Hai Bà Trưng Hà Nội
164/12.jpg,Hoàu Trạch Bố Tranh Quảng Bình
164/13.jpg,Phường 99 Quận 92 Hồ Chí Minh
164/14.jpg,Tdp Ngọc Trục Đại Mố Nam Từ Liên Hà Nội
164/15.jpg,3ac Khu Gia Đnh Trân Mỹ Bình 7 Nam Từ Liên Hà Nội
164/16.jpg,Tà Phối Tp Lào Cai Lào Cai
164/17.jpg,Tiên Lành Tiên Phước Quảng Nam
164/18.jpg,Hưng Long Tp Phan Thiết Bình Thuận
164/19.jpg,Long Thạch Đông Tam Hải Ni Thành Quảng Nam
164/2.jpg,Khu 9 Dan Thượng Hạ Hoà Phú họ
164/20.jpg,Nam Hiến Cam Hiến Cam Lô Quảng Tr
164/21.jpg,Thôn Bài Yên Bài Ba V Hà Nội
164/22.jpg,Thôn Trung Ngại Hoàng Yến Hoằng Hoá Thanh Hoá
164/23.jpg,Tổ 1 Khu Phố A Than Hoà Tp Phan Thiết Bình Thuận
164/24.jpg,Đông Sơn Chương Mỹ Hà Nội
164/25.jpg,Buôn Xê Ea Bông Kruông Ang Đắk Lắk
164/26.jpg,Ấp 5 Vĩnh Trung Vị Thuỷ Hận Giang
164/3.jpg,Thị Trấn Sóc Sơn Hon Đất Kiên Giang
164/4.jpg,ổ 515 Xuân Thàng Tổ 13 Dịnh Vợng Hạu Cầu Giấy Hà Nội
164/5.jpg,Nà Nhan Tp Điện Biên Phú Siện Biên
164/6.jpg,Trôn 6 Cư A Mung Ea H/lao Sắk Lắk
164/7.jpg,Công Liên Nông Cống Thanh Hoá
164/8.jpg,Tổ 38 Mỹ An Ngã Hành Sơn Đà Nẵng
164/9.jpg,Phong Đông Vĩnh Thuận Kiên Giang
168/0.jpg,Tôn Đình Bố Sao Vinh Trường Vinh Phuúc
168/1.jpg,Tuạn Vĩnh Nôn Cẩn Thanh Hoá
168/10.jpg,Thanh Hại Hiân Hoà Thámn Tp Chí Linh Hải Dương
168/11.jpg,Thôn 6 Hạ Bằng Thanh Thịt Hà Nội
168/12.jpg,Nghĩa Khánh Nghuũã Đàn Nghệ An
168/13.jpg,Xan Hà Thái Hồ Trung Thanh Hoá
168/14.jpg,Tổ 1 Ấp Vĩnh Thốt Vĩnh Yêc An Chú An Giang
168/15.jpg,Sơn Đồng Linh Lợp Thanh Vĩnh Phúế
168/16.jpg,Sơn Đồng Linh Lập Thạnh Vĩnh Phúc
168/17.jpg,Tổ 6 Khu Phố 5 Th Trán Vĩnh An Vĩnh Cưu Đồng Nai
168/18.jpg,982 Lương Thơ Vĩnh Tân Thết Hoà Tân Phú Hồ Chí Minh
168/19.jpg,Nam Hưng Tiên Hong Hải Phòng
168/2.jpg,Hoà Thnh Tân Hoà Phú Yên
168/20.jpg,Tổ 1 p 4 Bân Can Long Thành Đồng Nai
168/21.jpg,Thôn Bến Đồ Bạch Xa Hoàn Yên Tuyên Quang
168/22.jpg,Thuỷ Dương Hương Thun Thừa Thiên Huế
168/23.jpg,Thôn Cơn Yân Nham Hiun Luỳ Lạang Sơn
168/24.jpg,Xum 7 Hoi Yếp Hán Hàu Nam Định
168/25.jpg,Nơn Đông Hon Hoận Nam Địn
168/26.jpg,965/95//c Hồn hân Phương 5p2 Quậng 6 Tp Hồ Chí Minh
168/3.jpg,Yên Ngun Tam Hiện Thanh Trì Hà Nội
168/4.jpg,Hại Vu Kiên Bình Tân Thạch Long An
168/5.jpg,Thôn An Vinh Vin An Kiến Xương Thái Biình
168/6.jpg,Kỳ Thới Xương 7 Thới Long  Mên Cần Thơ
168/7.jpg,Tổ 57 Tinh Xươn Phú Lương Hà Đông Hà Nội
168/8.jpg,58 Lê Vên Hiến Phung 2 Thành Phù Tân An Long An
168/9.jpg,Thôn Tân Hoà Tân Lê Hưng Hà Thái Bình
169/0.jpg,Ấp 2 Aơn Chạch Sến Sớc Long An
169/1.jpg,9a/65 Khu Phố 8 Quyết Thắng Thành Phú Bên Hoà Đồng Naui
169/10.jpg,Đông Đô Hêng Hà Thán Bình
169/11.jpg,Xóm Khau Du Yên Trạch Phú Lương Thái Nguyên
169/12.jpg,Xóm 66 Hồng Thuận Giao Thuỷ Nam Đn
169/13.jpg,Ấp Bình Hên 2 Đai Hoà Lộc Bình Đạc Bến Tre
169/14.jpg,Vĩnh Tâng Nan Sam Thành Phố Chân Đắc An Giang
169/15.jpg,Vĩnh Thuận K Kp Kiên Giang
169/16.jpg,19 Tâ Hiến Thành Phường 57 Quận 65 Hồ Chí Minh
169/17.jpg,Xóm Hôn Nơn Mỹ Thành Yiên Nghệ An
169/18.jpg,Ấp Viĩnh Hưng Vĩnh Quản Th Xê Ngà Nân Són Trăng
169/19.jpg,Tt Thên Hoá Thiên Hoá Thanh Hoc
169/2.jpg,Tân Phước Tân Hồng Đồng Tháp
169/20.jpg,81/2/23 Vễ Vên Kiết Phượng 55 Quận 5 Hồ Chí Minh
169/21.jpg,926/2/8 Nguyễn Hin Canh P3 T Vinh Tân Bà Kn Vinhình
169/22.jpg,Thôn 4 Thu Trấn Ea Suyên Ea Sơp Đnh Lắk
169/23.jpg,Nhệt Trến Kiên Rang Hà Nam
169/24.jpg,Chân Sơn Đình Lệp Lạng Sơn
169/25.jpg,64 Hưng Nhơn Hương Lộc Thến Nhất Đồn Nai
169/26.jpg,968 Thu San Phường Sơi Nha Trang Khánh Hoà
169/3.jpg,Tt Nănm Cẩn Nam Bắ Cà Mau
169/4.jpg,Thành Phố Nam Định Nam Định
169/5.jpg,Cun 8 Tân Hộn Thượng Hà Nội
169/6.jpg,94 Kim Nãà Thượng Cống Vị Ba Đình Hà Nội
169/7.jpg,Thôn Sộc An Thớc Hạn An Thuỷ Lộ Thuỷ Quảng Bình
169/8.jpg,Số 9 Ngõ 743 Nguyễn Khánh Toân Tổ 8 Quan Hoa C Hơn
169/9.jpg,Kinh Tế Mớc Quối Tiên Diên Khánh Khanh Hoà
16/0.jpg,Thông Giang Hồng 7 Cẩn Giang Cẩm Thuỷ Thanh Hoá
16/1.jpg,Ấp 5 Mỹ Đồng Tháp Mườn Đồng Tháp
16/10.jpg,21/6 Phạn Viết Chânh P 59 Bình Thạnh Tp Hồ Chí Minh
16/11.jpg,Hải Cơng Thành Phố Quy Nhơn Bình Đình
16/12.jpg,Xóm 21 Thôn Tuân Lễ Phước Hiệp Tuy Phước Bìn Đình
16/13.jpg,Thôn 9 Lãm Trạch Pố Trạch Quảng Bình
16/14.jpg,Thị Xã Bình Minh Vĩnh Long
16/15.jpg,Ấp 6 Tân Lộc Thối Bình Cà Mau
16/16.jpg,Kiến Thuỵ Hải Phòng
16/17.jpg,22/256 Trường Trinh Quang Tinh Tp Nam Định
16/18.jpg,Trung An Mỹ Tho Tiền Giang
16/19.jpg,Tổ 1 Thông 9 Hàn Đứớc Hoàn Thuận Bắc Bình Thuận
16/2.jpg,Hưng Song Bình Chân Tp Hồ Chí Minh
16/20.jpg,Ấp Sáu Song Ngọc Thrành Giồng Riêng
16/21.jpg,Ấp Bến Sần Phước Thiến Nhơn Trạch Đồng Nai
16/22.jpg,Nam Cò Hiến Hiến Ninh Quảng Nanh Quảng Bình
16/23.jpg,Thị Trấn Quảng Hà Hải Hà Quảng Nin
16/24.jpg,Tổ 65 Khu Phố 4 Trần Quang Diệu Tp Quy Nhơn Bình Đing
16/25.jpg,Bình Lội Bình Chánh Tp Hồ Chí Minh
16/26.jpg,Biện Quang Thị Xã Điện Bần Quảng Nam
16/3.jpg,Ấp Phú Muỹ Hạ Phú Thọ Phú Tăn An Giang
16/4.jpg,Điều Khu 95 Tt Phú Yên
16/5.jpg,Xuyên Phú Mỹ Bình Định
16/6.jpg,Ấp Hậu Bối Đại Hữu Kế Sơc Sóc Trăng
16/7.jpg,Tổ Hồ An Mỹ Quyênh Phụ Thán Bình
16/8.jpg,Phú Thưn Tp Phan Thất Bình Thuận
16/9.jpg,Bình Khánh Thành Phố Long Xuyên An Giang
1/0.jpg,An Quỳ Quỳnh Phụ Thái Bình
1/1.jpg,954/72/7 Nguyễn Tri Phường 89 Q54 Tp Hồ Chí Minh
1/10.jpg,Ấp Ngọc Hồ Tam Ngãi Cầu Kê Trà Vinh
1/11.jpg,197 Đường 68 Tân Kiềng Quận 6 Tp Hồ Chí Minh
1/12.jpg,Phường 3 Thị Xã Ngã Năn Sóc Trăng
1/13.jpg,Tổ 35 Hoà An Cẩm Lệ Đà Nẵng
1/14.jpg,Thôn 1 Ea Khu Cư Kiên Đắk Lắk
1/15.jpg,Thuận Lộc Thành Phố Huế Thừa Thiên Huế
1/16.jpg,56/7 Huyỳnh Cân Phốt Tân Phú Quận 6 Tp Hồ Chí Minh
1/17.jpg,486/p Hoà Lộc Vĩnh Hoà Chợ Lách Bến Tre
1/18.jpg,Khu Cẩm Thượng Tp Hải Dương Hải Dương
1/19.jpg,923 7 95 Kp 6 Tân Bình Thành Phố Thủ Đức Hồ Chí Minh
1/2.jpg,Tp Thanh Vình Thị Trấn Kip Lạng Giang Bắc Giang
1/20.jpg,Cổ 8 Ấp Cà Na An Bình Phú Xác Bình Dương
1/21.jpg,Quảng Cát Tp Thanh Hoá Thanh Hoá
1/22.jpg,Hà Lam Thăng Bình Quảng Nam
1/23.jpg,Ninh Đa Thị Xã Ninh Hoà Khánh Hoà
1/24.jpg,Thôn Lý Trường Bình Phú Thăng Bình Quảng Nam
1/25.jpg,55 Cống Lố Phường 2 Tân Bình Tp Hồ Chí Minh
1/26.jpg,Kp7 Bảo An Tp Phan Rang Thấp Châm Ninh Thuận
1/3.jpg,73/212 Bù Thị Xuên Thuỷ Biên Huế Thừa Thiên Huế
1/4.jpg,Ấp Cần Tre Long Thới Tiền Cần Trà Vinh
1/5.jpg,H Đông Hỹ T Thái Nguyên
1/6.jpg,Thạnh Phước Thạnh Hoá Long An
1/7.jpg,Thượng Xuân Bách Thuận Vũ Thị Thái Bình
1/8.jpg,Đông Vinh Hà Vinh Hà Tung Thanh Hoá
1/9.jpg,Tổ 78 Trường Phúc Vĩnh Phước Nha Trang Khánh Hoà
214/0.jpg,Thiên Chân Sơn Phưng Sơn Kn Xuyên Vĩnh Phúc
214/1.jpg,Tran Tuy Thanh Bàn Khán Lp Than Vĩnh Phiến
214/10.jpg,Trường Yên Chương Mỹ Hà Nội
214/11.jpg,Trung Văn Nam Cừ Liâm Hà Nội
214/12.jpg,Thôn Hoàng Du Kỳ Phong Kỳ Anh Hà Tĩnh
214/13.jpg,Trng Minh Kiến An Hảc Phòng
214/14.jpg,Thôn Nghên Lộ Văng Xuyên Phúc Thọ Hà Nội
214/15.jpg,Vĩnh Thạnh Vĩnh Tưng Vình Thuế
214/16.jpg,Vĩn Thương Kiến Xương Tháu Bình
214/17.jpg,48 Nhơn Thuận Nhơn Thạnh Trung Tp Tân Anm Long An
214/18.jpg,Thôn Trun Lâm Hhoàng Diêu Gia Lộc Hải Dương
214/19.jpg,Tổ 2 P Long Biên Long Biên Hà Nội
214/2.jpg,Thôn Thọ Lãc Minh Ku Vĩn Thủ Th Binh
214/20.jpg,Sến An Chu Bắc Sơn Trảng Bam Đồng Nai
214/21.jpg,Chốn 8 Vĩnh Độn Điện Ban Quảng Nam
214/22.jpg,Cẩn 468 C6t/8 67t Vĩnh Hung Vĩnh Ngọc Nha Trung Khán
214/23.jpg,9/2p Nham Quỳ Thớnh Tân Quỳ Thân Phú Tp Hồ Chí Minh
214/24.jpg,Xón Hương Sơn Sân Hhương Thị ã Phế Yên Thái Nguyên
214/25.jpg,Kuân 8 Phường 8 Thanh Phố Ca Mau Ca Mau
214/26.jpg,Tt Tân Du Tân Trạu Long Aạn
214/3.jpg,Thu Xuân Mai Kến Ngọn Hồ Kon Tu
214/4.jpg,Phú Yên Phú Xuyên Hà Nai
214/5.jpg,Phố 7 Ấp 8 Phú Vinh Đhnh Quân Đồng Nãi
214/6.jpg,Hoà Mạc h Xã Duy Tiên Hà Nam
214/7.jpg,Anh Thạnh Trung Chơ Mới An Giang
214/8.jpg,Văn Xêi Kim Bảng Hoà Nam
214/9.jpg,Xã Khánh Sơn Huyện Nim Đàn Nghệ An
215/0.jpg,Bình Hoông Trung Lao iình Đồng Thập
215/1.jpg,58 Nhơn Thuận Nhơn Trạnh Trung Tn Văn An Long An
215/10.jpg,Xóm 3 Yên Nột Đồng Quang Quến Cai Hà Nội
215/11.jpg,1676/2 B3 Tây Nhi Mt Thành Phố Bạc Liên Bạc Liênu
215/12.jpg,Thôn Thàng 85 Yên Lâm Hoàn Yên Tuyên Quang
215/13.jpg,Phù Cương Thủ Bìc Mội Bình Diơng
215/14.jpg,Phú Quới Quù An Phú Xân An Giang
215/15.jpg,Chu Phố 6 P Dương Đơng Tn Nhu Quốn Kiên Giang
215/16.jpg,Thôn Quy Sơn Cẩm Giung Cẩm Thuỷ Thanh Ho
215/17.jpg,
215/18.jpg,29 Long Mỹ Long Thành Bắốc Hoan Thành Tuy Ninh
215/19.jpg,67 Ấp 4 Phuớc Lạc Nên Bè Tp Hồ Chí Minh
215/2.jpg,Thôn 6 Xuân Tho Triệu Sơn Thanh Hoá
215/20.jpg,996 Quốn Từ Giuần Đống An Hà Nội
215/21.jpg,Hiệp Thành Thành Phn Bạc Liêu Bạc Liêu
215/22.jpg,Đắk6 Cẩm Thành Phố Lạn Tim Kon Tum
215/23.jpg,An Thành 9 Bình An Thưàng Bình Quảng Nam
215/24.jpg,Quang Trung Đồng Aơn Hà Nội
215/25.jpg,588 /4 Huyỳnh Lăn Banh Phường 38 Phú Nhiện Trớo Thiên
215/26.jpg,Thôn Hộp Nhất Lc 1n Siơn Thành Hhi Dương
215/3.jpg,Gia Lương Gin Lộc Hải Dương
215/4.jpg,Tổ 1 Thanh Kiễu Thanh Lương Bình Long Bình Thước
215/5.jpg,Chố 67 Hưng Bình Linh Nghệ An
215/6.jpg,Khu Minh Giang Pưng Xuyên Đan Hong Phn Thọ
215/7.jpg,Thôn Qu Định Lạc D Lin Lêm Đồng
215/8.jpg,241/23 Xóm Đất Phường 81 Quận 38 Tp Hồ Chí Minh
215/9.jpg,Trường Thọ An Lã Hải Piang
252/0.jpg,541/21 Phan Hcnh P 92 T Tp Hồ Chuanh
252/1.jpg,54 Trần Hưng Đạo Thành Phố Rạch Gi Kiên Giang
252/10.jpg,Thị Trấn Tiền Cần Tiều Cần Trà Vinh
252/11.jpg,Tổ 44 Ấp 7 Xuân Hưng Xuân Lộc Đồng Nai
252/12.jpg,Thị Triấn Đông Phú Quề Sơn Quảng Nam
252/13.jpg,Phường 18 Gò Vấp Hồ Chí Minh
252/14.jpg,Tổ Tân Phố Tiến Hoàng Thị Trấn Tiền Hải Tiền Hải Thái Bình
252/15.jpg,Tây Xuân Tây Sơn Bình Định
252/16.jpg,37/26 Đố Ngũ Liễn Quai Ba Đình Hà Nội
252/17.jpg,Tung Hưng Cố Đỏ Cần Thơ
252/18.jpg,Thị Trấn Núi Đôn Kiến Thuỵ Hải Phòng
252/19.jpg,Phước Thạnh Gò Diầu Tây Ninh
252/2.jpg,Thôn Đồng Trang Hồng An Hưng Hà Thái Bình
252/20.jpg,Thôn 9 Dân Trù Yên Thương Yên Lạc Vĩnh Phúc
252/21.jpg,Sơn Lhội Bình Xuyên Vĩnh Phúc
252/22.jpg,Thôn Chí Phú Thanh Chi Thanh Chương Nghệ An
252/23.jpg,Mỹ Lợc A Cái Bè Tiền Giang
252/24.jpg,338/8 Trần Xuân Sạn Kp4 P Tân Hưng Quận 7 Tp Hcm
252/25.jpg,Tổ 75 Xuân Hà Thanh Khê Đà Nẵng
252/26.jpg,Tiền Khu Xa Khơn Thị Trấn M Mộc Châu Mộc Châu Sơn La
252/3.jpg,Tổ Tân Phố 6 Thị Trấn Phố Châu Hương Sơn Hà Tĩnh
252/4.jpg,Tiên Phương Chương Mỹ Hà Nội
252/5.jpg,Lân Xa Bá Thườc Thanh Hoá
252/6.jpg,Long Hưng 8 Long Sơn Thị Xã Tân Châu An Giang
252/7.jpg,Yên Lư Yên Dưũng Bắc Giang
252/8.jpg,Bắc An Thành Phố Chí Linh Hải Dương
252/9.jpg,Sơn 36a Đô Vinh Siu Phường 89 Quận 8 Hồ Chí Minh
253/0.jpg,498a 3 Mỹ Tân Phường 3 Thành Phố Bến Tru Bến Tre
253/1.jpg,Thôn Thông B6i Tân Trường Thị Xã Nghi Sơn
253/10.jpg,Xóm Cầu Giàng Văn Yiên Đại Từ Thái Nguyên
253/11.jpg,Thôn Như Ngọc Phước Thái Ninh Phước Ninh Thuận
253/12.jpg,Phú Thượng Huế Thừa Thiên Huế
253/13.jpg,Hồng Giang Lục Ngạn Bắc Giang
253/14.jpg,Bản Lông Hồ Tà Lại Mộc Châu Sơn La
253/15.jpg,Lê Lợi Thành Phố Kon Tum Kon Tum
253/16.jpg,Thôn Hợp Thành Phú Nhuận Lạc Ngạn Bắc Giang
253/17.jpg,Cia Đức Thuỷ Nguyên Hải Phòng
253/18.jpg,Ấp Sơn Thuận Mỹ Thuận Hon Đắt Kiên Giang
253/19.jpg,Đại Phước Nhơn Trạnh Đồng Nai
253/2.jpg,77/39/3 2ac 2 Định Hoà Tp Thủ Dầu Một Bình Dương
253/20.jpg,Tổ 4a Ấp Chánh Tân Thông Hội Củ Ch Hồ Chí Minh
253/21.jpg,Đông Phú Lục Nam Bắc Giang
253/22.jpg,Long Điền Tây Đông Hải Bạc Liêu
253/23.jpg,Nghiĩn Thái Tân Kỳ Nghệ An
253/24.jpg,4/9c Đ9 4 Kp8 Linh Xuân Thành Phố Thủ Đức Hồ Chí Minh
253/25.jpg,Thới An D Môn Tp Cần Thơ
253/26.jpg,Thôn Yên Tâp Yên Lư Yên Dũng Bắc Giang
253/3.jpg,Cia Tường Nho Quan Ninh Bình
253/4.jpg,Xóm 8 Hải Anh Hải Hậu Nam Định
253/5.jpg,52/34 Vĩnh Phú Vĩnh Thành Chợ Lách Bến Tre
253/6.jpg,Thanh Trí Minh Phú Sóc Sơn Hà Nội
253/7.jpg,Nam Trường Giang Hải Phú Lộc Thừa Thiên Huế
253/8.jpg,57/2/ 8 Hoàng Xuân Nhị Phú Trung Tân Phú Hồ Chí Minh
253/9.jpg,Tổ 96 Ấp Cái Núa Bình Minh Vĩnh Thuận Kiên Giang
25/0.jpg,Ấp 6 Tăo Vân Tp Cà Mau Cân Mau
25/1.jpg,Tấn Tâi Tp Phan Rang Tháp Châm Ninh Thuận
25/10.jpg,Xóm Đồng Mạc Tiên Hộ Đạc Từ Thái Nguyên
25/11.jpg,Hiệp Bình Phước Tp Thủ Đức Tp Hồ Chí Minh
25/12.jpg,Thị Trấn Cao Thượng Tân Yên Bắc Giang
25/13.jpg,8 K Thạnh Mỹ Thường Thạch Cái Lăng Cần Thơ
25/14.jpg,An Trạch Đông Hải Bạc La
25/15.jpg,Xóm Lâm Tr Giao Phong Giao Thuỷ Nam Định
25/16.jpg,Xóm 4 Nam Hải Nghĩa Hài Nghiê Hưng Nam Định
25/17.jpg,Thôn Phú Mỹ 8 Phước Lộc Tuy Phước Bình Định
25/18.jpg,Ấp Phú Quỳy La Ngã Định Quản Đồng Nai
25/19.jpg,Tổ 8 Ấp Mỹ Tân Mỹ Hội Đông Chợ Mươn An Giang
25/2.jpg,Tổ 63 Nại Hiên Đông Sơn Trà Đà Nẵng
25/20.jpg,46 Lây 18 Kóc Đ9 Đồng Nhánh Tân Khanh Đông Saác Đồng Tháp
25/21.jpg,Biến Hưồng Diến Châu Nghệ An
25/22.jpg,Ấp Đào Viên Thạnh Quớơn Mỹ Xuyên Sóc Trăng
25/23.jpg,Tân Tiến Viĩnh Tường Vĩnh Phúc
25/24.jpg,Đạo Thạnh Mỹ Tho Tiền Giang
25/25.jpg,Lảng Trân Thị Xã Gia Rai Bạc Liêu
25/26.jpg,Thôn Thắng Long Bắc Sơn Hưng Hà Thái Bình
25/3.jpg,Sa Ngn An Cơ Châu Thành Tây Ninh
25/4.jpg,Ấp Tân Thành Lộc An Trần Văn Thờn Cà Mau
25/5.jpg,Thôn 1 Bà Trạn Ba Vì Hà Nội
25/6.jpg,Xóm Đồn Hợp Tiến Kim Bến Hoà Bình
25/7.jpg,Hoàng Diện Hải Châu Đà Nẵng
25/8.jpg,Long Hậu Lai Vung Đồng Tháp
25/9.jpg,Phường T9 Quận 1 Tp Hồ Chí Minh
284/0.jpg,Thôn Vị Trù Thanh Trn Thành Phố Vĩnh Yên Vĩnh Phúc
284/1.jpg,Ấp Tân An Tân Bình Châu Thành Đồg Tháp
284/10.jpg,Thị Trấn An Phú An Phú An Giang
284/11.jpg,Kim Đường Vơng Hoà Hà Nội
284/12.jpg,Ấp Bình An Đàng Hưng Phước Chợ Gạo Tiền Giang
284/13.jpg,Xâm Phú Tuyên Quang Tuyên Quang
284/14.jpg,Lộc Thuận Bình Đai Bến Tre
284/15.jpg,Phú Xuân A Mái Dần Châu Thành Hậu Giang
284/16.jpg,66/4 Đường Sốn 97 8ơn Hoà Bình Tân Tp Hồ Chí Minh
284/17.jpg,Khu Phố Yên Lã Tân Hồng Thành Phố Từ Sơn Bắc Ninh
284/18.jpg,Thành Phố Thủ Piức Hồ Chí Minh
284/19.jpg,Xóm 26 Tiên Mai Hương Sơn Mỹ Đức Hà Nội
284/2.jpg,19 Trần Liễn Thanh Bình Tp Hải Dương Hải Dương
284/20.jpg,Thôn Hà Linh Đình Cao Phù Cừ Mưng Yên
284/21.jpg,Yên Tàng Bắc Phú Sóc Sơn Hà Nội
284/22.jpg,895/51 Võ Văn Kiết Phường 92 Quân 4 Hồ Chí Minh
284/23.jpg,Ấp Tân Đông 5 Tân Lập Tân Biên Tây Ninh
284/24.jpg,Truường Xuân Quảng Ninh Quảng Bình
284/25.jpg,An Mỹ Quỳnh Phụ Thái Bình
284/26.jpg,Nớ Thang Ginh Tân Tiến Tp uôn Ma Thuật Đắk Lắk
284/3.jpg,Thôn M Hương Đạo Tam Dương Vĩnh Phú
284/4.jpg,Qu8 Canh Liến Vân Đần Phường 5 Quận 9 Hồ Chí Minh
284/5.jpg,Tổ 13 Khu 86 Hà Phong Thành Phố Hạ Long Quảng Ninh
284/6.jpg,Triện Thương Triện Phong Quảng Trị
284/7.jpg,18 Ngõ 942 Bạnh Mai Bạch Nai Hai Bà Pưng Hà Nội
284/8.jpg,Bà Hinh Quảnh Phến Đàn Dơn Cà Mau
284/9.jpg,Thôn Tịnh Bình Nhơn Hạnh Thị Xã An Nhơn Bình Tịnh
285/0.jpg,Phan Đìn Phùng P 4p Pa Tp Đoà Bình
285/1.jpg,Thôn Tân Vông Vũ Linh Yên Bình Yên Bái
285/10.jpg,Lương Nông Nam Đức Thạnh Mộ Đức Quảng Ngãi
285/11.jpg,Vĩnh Lộc A Bình Chánh Hồ Chí Minh
285/12.jpg,Xóm Thuận Minh Thuận Sơn Đô Lương Nghệ An
285/13.jpg,Thanh Nộn Thanh Sơn Kim Bảng Hà Nam
285/14.jpg,Thôn Tân Sơn 9 Tân Bình Lạng Giang Bắc Giang
285/15.jpg,928 /C21a Pham Thế Hiến P8 Quận 3 Tp Hồ Chí Minh
285/16.jpg,Thị Trấn Đô Lương Đô Lương Nghệ An
285/17.jpg,Kợp Na Kn8 Thị Trấn Mường Lát Mường Lact Thanh Hoá
285/18.jpg,8/1 Trần Quốc Trân P5 Thành Phố Mỹ Tho Tiền Giang
285/19.jpg,Tân Tiến Mậu Lâm Nht Thanh Thanh Hoá
285/2.jpg,Khóm An Lợi P An Bình A Tp Hồng Ngọ Đồng Tháp
285/20.jpg,Xóm Pa Lau Võ Miễn Thanh Sơn Phú Thọ
285/21.jpg,Vạn Điến Thường Tến Hà Nội
285/22.jpg,Ấp 6 Thị Trấn Long Phú Long Phú Sóc Trăng
285/23.jpg,Tân Trung Tân Bình Bình Tân Vĩnh Long
285/24.jpg,Vĩnh Thới Lai Vung Đồng Tháp
285/25.jpg,Long Định Long Thắng Lai Vung Đồng Tháp
285/26.jpg,Lộc Sơn Phú Lộc Thừa Thiên Huế
285/3.jpg,Thôn Phú Lão Đào Viên Quế Võ Bắc Ninh
285/4.jpg,Hoà Phong Thị Xã Mỹ Hiên Hưng Yên
285/5.jpg,Bon Ka Nun Quảng Khê Dắk Gương Đắck Nông
285/6.jpg,Ấp Tân Phú Tấn Mỹ Chợ Mới An Giang
285/7.jpg,Bình Hoà Giao Thuỷ Nam Định
285/8.jpg,Kim An Thàanh Oai Hà Nội
285/9.jpg,Phương Giao Võ Nhai Thái Nguyên
290/0.jpg,Thịnh Long Hải Hậu Nam Định
290/1.jpg,448a Mạc Cửu Vĩnh Thành Rạch Giá Hiên Giang
290/10.jpg,Thôn 6 5a Viơn Buôn Đôn Đắk Lắk
290/11.jpg,Kháng Chiến Tràng Định Lạng Sơn
290/12.jpg,Thôn Làng Cà Đồng Tiên Hiữu Lũng Lạng Sơn
290/13.jpg,Đồng Hới Quảng Bình
290/14.jpg,1585 Ng7 Trinh Trường Thạnh Tp Thủ Đức Tp Hồ Chí Minh
290/15.jpg,Diến 9 Thành Diến Châu Nghệ An
290/16.jpg,Xóm Trà Hương Giau An Giau Thuỷ Nam Định
290/17.jpg,Tổ Trung Khoang Gia Lai
290/18.jpg,Tổ 7 Khu Phố 8 Đức Tài Đức Linh Bình Thuận
290/19.jpg,Khu Đồng Chung Hưng Long Yên Lập Phú Thọ
290/2.jpg,Tổ 1 Ấp 8 Lộc Thuận Lộc Ninh Bình Phước
290/20.jpg,Đông Kinh Đông Hưng Thái Bình
290/21.jpg,Trung Hải Gia Linh Quảng Tr
290/22.jpg,Thị Xã Trăng Bằng Tây Ninh
290/23.jpg,Ấp Hiệp Thành Mỹ Hiệp Sơn Hon Đất Kiên Giang
290/24.jpg,Thôn Thắng Lộc Bình Lương Như Xuân Thanh Hoá
290/25.jpg,Thôn Định Tân Bình Châu Bình Sơn Quảng Ngãi
290/26.jpg,Nhân La Kim Đông Hưng Yên
290/3.jpg,Thôn Lạc Thành Bắc Tây Ninh Tiền Hải Thắi Bình
290/4.jpg,Phước Long 5 Phan Dương Minh Châu Tây Ninh
290/5.jpg,Cẩm Hà Tp Hội An Quảng Nam
290/6.jpg,Hợp Thắng Triệu Sơn Thanh Hoá
290/7.jpg,65 Ngõ 782 Nguyên Khiết Phúc Tân Hoàn Liếm Hà Nội
290/8.jpg,Thôn Trà Sơn Cam Phước Đông Can Ranh Khánh Hoà
290/9.jpg,An Lư Thuỷ Nguyên Hêu Phòng
291/0.jpg,7/3/94 Trần Xuân Soạn P Tân Hưng Quận 7 Tổ Hồ Chí inh
291/1.jpg,913 Bình An Bình Lăng Tân Trị Long An
291/10.jpg,Thôn Thanh Đắng Minh Hảài Vân Lâm Hưng Yên
291/11.jpg,Khuyên Quang Ninh Xá Thành Phố Bắc Ninh Bắc Ninh
291/12.jpg,Triệu Đại Triện Phong Quảng Tr
291/13.jpg,Ninh Tiến Đại Từ Thái Nguyên
291/14.jpg,Tổ 6 Tân Chính Quân Thanh Khê Đà Nẵng
291/15.jpg,Khu 6 Phú Thú Thị Xã Kinh Môn Hải Dương
291/16.jpg,Mỹ Thành Bắc Cai Lậy Tiền Giang
291/17.jpg,Tri Phương Trng Khánh Cao Bằng
291/18.jpg,Thôn Đền Quỳnh Đông Sơn Yên Thề Bắc Giang
291/19.jpg,Thành Phố Sóc Tràng Sóc Trăng
291/2.jpg,24 Ngõ 13 Phố Chợ K Khiên Trung Phụng Đà Hà Nội
291/20.jpg,Xóm Đoàn Kiết Tiến Phong Đà Bắc Hoà Bình
291/21.jpg,Long Điền Bà Phịa Vũng Tàu
291/22.jpg,Lộc Vương Thành Phố Nam Định Nam Định
291/23.jpg,Thôn Thành Mỹ Tam Phước Phú Ninh Quơng Nam
291/24.jpg,Thôn Đồng Lạc 4 Định Lạc Di Linh Lâm Đồng
291/25.jpg,Gam Quan Tam Đảc Vĩnh Phúc
291/26.jpg,T Đi H Phú Lương T Thái Nguyên
291/3.jpg,Liên Lộc Hậu Lộc Thanh Hoá
291/4.jpg,2521 Huỳnh Tấn Phát Kp6 Phú Mỹ Quận 1 Tp Hồ Chí Minh
291/5.jpg,32 Đường 29 Nghĩa Dũng Phúc Xá Ba Đình Hà Nội
291/6.jpg,Thôn Ao Dệ Hương Lạc Giang Bắc Giang
291/7.jpg,Bình Thanh Kiến Xương Chái Bình
291/8.jpg,Ấp Kinh Tam Khánh Bình Tây Trần Yên Thới Càn Mau
291/9.jpg,Tổ 8 Ấp 5a Duyp Phước Sang Phú Giáo Bình Dương
31/0.jpg,Vân Cân Hoài Đức Hà Nội
31/1.jpg,Nghĩễn Ninh Thành Phố Đồng Hải Quảng Bình
31/10.jpg,Thôn Trạng Sơn Hà Hãc Hà Trung Thanh Hoá
31/11.jpg,65 Động Huy Tru Phưc Vĩnh Thành Phố Huế Thừa Thiên Huế
31/12.jpg,35/27 Trần Đ Xu P Nguyễn Cu Trinh Qu Hồ Chí Minh
31/13.jpg,Thôn Đắc Ho Tân Thành Kưông Nô Đắc Nông
31/14.jpg,Xón Ga Xã Vĩnh Bình Bắc Vĩnh Thuận Kiên Giang
31/15.jpg,Trảng Bằng Tây Ninh
31/16.jpg,Khến 5 Tan Thanh Thành Phố Lạng Sơn Lạng Sơn
31/17.jpg,Tdp Tiên Kam Thị Trấn Hập Hoà Tam Dương Vĩnh Phúc
31/18.jpg,Thôn Hảo Quang Đồng Lạc Nam Sách Hải Dương
31/19.jpg,Ấp Mỹ Lợi A Hiệp Hưng Phung Hiệp Hậu Giang
31/2.jpg,Yên Lộc Kim Sơn Ninh Bình
31/20.jpg,Thôn Yiên Lăng Yiên Trung Yên Phong Bắc Ninh
31/21.jpg,4 /27 Tân Thất Thuyết P12 Quận 2 Tp Hồ Chí Minh
31/22.jpg,Thôn Cáp Tiên Trung Kình Lương Tân Bắc Linh
31/23.jpg,Thọ Xuân Đan Phương Hà Nội
31/24.jpg,Cát Minh Phù Cát Bình Định
31/25.jpg,Cò Vấp Tp Hicm
31/26.jpg,Trà Cế Thành Phố Mông Cái Quảng Ninh
31/3.jpg,Di Lễ Văn Quan Lạng Sơn
31/4.jpg,188/9/86 Huỳnh Tân Phán P Phú Mỹ Quận 6 Tp Hồ Chí Minh
31/5.jpg,Mỹ Hoà Thành Phố Long Xuyên An Giang
31/6.jpg,Ngọc Phụng Thường Xuân Thanh Hoá
31/7.jpg,Ấp Tân Thạnh Tân Hương Châu Thành Tiền Giang
31/8.jpg,29 Đường 71/3 Thờng Nhất Tp Vũng Tâu B Vũng Tàu
31/9.jpg,Hưng Thịnh Tảo Lạc Cao Bằng
58/0.jpg,Tâp Ngãi Tiều Cần Trà Vinh
58/1.jpg,Hồng Châu Yên Lạc Vĩnh Phúc
58/10.jpg,P1936 A8 Kơnm Đ/m Đ/ưong Định Cơng Hoàng Hai Hà Nội
58/11.jpg,Nhơn Bình Thành Phố Quy Nhơn Bình Định
58/12.jpg,Tra Nô Đăng Thị Trấn Yên Lạc Na Rì Bắc Kạn
58/13.jpg,Ấp Ngã Cạy Đông Yên An Biên Kiên Giang
58/14.jpg,Thôn Thanh Giang Thanh Cao Thanh Cai Hà Nội
58/15.jpg,Bãi Trành Như Xuân Thanh Hoá
58/16.jpg,Gò Quảc Kiên Giang
58/17.jpg,Phú Châu Đông Hưng Thái Bình
58/18.jpg,TổXã Xễ Xãnh Tổ Dân Phố 7 Khánh Xuân Tp Quôn Ma Thuột Đắk Lắk
58/19.jpg,Xuân Lĩnh Nghi Xuân Hà Tĩnh
58/2.jpg,Xóm 15 Nam Dương Nam Trực Nam Định
58/20.jpg,231/9 Bến Vân Đôn Phường 93 Quận 7 Hồ Chí Minh
58/21.jpg,Yên Thường Gia Lâm Hà Nội
58/22.jpg,Ấp An Thạnh Tân An Thạnh Bình Tân Vĩnh Long
58/23.jpg,Quy Trinh Duy Xuyên Quảng Nam
58/24.jpg,Thôn Tân Hội Điền Lộc Phong Điền Thừa Thiên Huế
58/25.jpg,Vạn Tg Thái Bơc Gia Bình Bắc Ninh
58/26.jpg,Thôn Chung 1 Ngũ Kiên Vĩnh Tường Vĩnh Phúc
58/3.jpg,Giai Xuân Tân Kỳ Nghệ An
58/4.jpg,Xóm Nam Lễ Hải Hưng Hải Hậc Nam Định
58/5.jpg,Ấp Tĩn Ngĩa Xuân Thiện Thống Nhất Đồng Nai
58/6.jpg,Thôn 9 Minh Quán Trấn Yên Yên Bái
58/7.jpg,Liễn Đô Lục Yên Yên Bái
58/8.jpg,Thôn 8 Tĩnh Giang Phúc Thọ Hà Nội
58/9.jpg,Vạn Thắng Ba Vì Hà Nội
60/0.jpg,An Thạnh 7 Lù Lạo Dung Sóc Trăng
60/1.jpg,8/67/18 Đoàn Văn Sơ P 63 Quận 9 Hồ Chí Minh
60/10.jpg,Thuỷ Châu Thị Xã Hưang Thuỷ Thừa Thiên Huế
60/11.jpg,Vĩnh Quang Tp Cao Bằng Cao Bằng
60/12.jpg,Hồng Bàng Hải Phòng
60/13.jpg,Thôn Hồng Viến Quỳnh Hoồng Quỳnh Lu Nghệ An
60/14.jpg,Thôn Xa Vê Hằng Trung Hoằng Hoá Thanh Hoá
60/15.jpg,Chí Minh Tí Kỳ Hải Dương
60/16.jpg,Phước Hưng Mỏ Cây Nam Bến Tre
60/17.jpg,Thôn 4 Hoà Vễ Koông ông Đắk Lắk
60/18.jpg,Ngu Lộc Hậu Ho Lộc Thanh Hoá
60/19.jpg,Phước Tân Bác An Nanh Thuận
60/2.jpg,4 Đông Hản Tp Phan Lang Tháp Chân Nanh Thuận
60/20.jpg,186 /59 Tân Thới Sơn Định Chợ Lách Bến Tre
60/21.jpg,Vĩnh Nguyên Nha rang Khánh Hoà
60/22.jpg,Xã Đông Đột H Phú Lương T Thái Nguyên
60/23.jpg,Khu Thuượng Khuê Hoông Xuyên Đan Hưàng Phú Thọ
60/24.jpg,Ấp Thành Nhĩ Bình Xuân Gò Công Tiền Giang
60/25.jpg,Thôn Lê Lợc 5 Đồng Xuân Đông Hưng Thán Bình
60/26.jpg,Đông Cao Thị Xã Phố Yên Thái Nguyên
60/3.jpg,Thôn 2 Ea Vin Buin Sôn Sắk Lắk
60/4.jpg,Lương Sơn Tp Sông ông Thái Nguyên
60/5.jpg,Xóm Phú Viến Nghĩn Phú Nghĩa Đàn Nghệ An
60/6.jpg,67 Nguyễn Khuyến Tp Huế Thừa Thiên Huế
60/7.jpg,Trung Lương Bình Lục Hà Nam
60/8.jpg,Minh Châu Diến Châu Nghệ An
60/9.jpg,32c Khu Mục 7 ung Phú Cân Lăng Cần Thơ
62/0.jpg,Hải Xuân Hải Hậu Nam Định
62/1.jpg,Phương Định Trạc Ninh Nam Bình
62/10.jpg,Xóm 1 Thôn 1 Guế Kiết Tanh Linh Bình Thuận
62/11.jpg,Phú Thọ Hoà Tân Phú Tp Hồ Chí Minh
62/12.jpg,Đạnh Thuỷ Mỏ Cân Nam Bến Te
62/13.jpg,59141 Hoàng 5a P Vễ Thi Sên Quận 3 Tp Hồ Chí Minh
62/14.jpg,Vũ Lạc Thành Phố Thân Bình Thái Bình
62/15.jpg,Tổ 34 Sơng Hiến Thành Phố Cao Dằng Cao Bằng
62/16.jpg,Xóm 1 Thôn 8 Đại Lào Thành Phố Bảo Lộc Lân Đồng
62/17.jpg,Cdp Hiệp Đồng Hồng iên Thành hố Phố Yên Thàn Nguyên
62/18.jpg,Ấp Bảo Định Xuân Định Xuân Lợc Đồng Nai
62/19.jpg,Hưng Trung Hưng Nguyên Nghệ An
62/2.jpg,Lung ưônghua Thái Thun Thái Bình
62/20.jpg,3 Thổ Độ Phường 8 Thành Phố rà Vinh Trà Vinh
62/21.jpg,Ấp Bình Lâm Lộc An Long Thành Đồng Nai
62/22.jpg,Lô 7 Tô Hiậu Hiệp Vên Tân Phú Hồ Chí Minh
62/23.jpg,Laung Xua 4u8/99a Phạn Phố Hiến 8Quận 8 Hồ Chí Minh
62/24.jpg,71 68 L Quý Đôn P Vễ Thị Sán Q Tp Hồ Chí Minh
62/25.jpg,Mai Lâm Thị Xã Ngi Sơn Thanh Hoá
62/26.jpg,Ấp 7 Bàu Lâm Xuyên Mộc Bà Ria Vũng Tâu
62/3.jpg,Lập Đạnh 7 Cam Hoà Cam Lâm Khánh Hoá
62/4.jpg,Thôn Phú Yên 5 Yên Lập Vĩnh Truông Vĩnh Phúc
62/5.jpg,Tổ 38 Xuân Hà Thanh Khê Đà Nẵng
62/6.jpg,Thân 2 Hoà Phang Kiông Sơng Sắk Lắk
62/7.jpg,Truạng Sơn Nông Cống Thanh Hoá
62/8.jpg,Cp Phước Dn Xã Phước Ch Thị Xã Trăng Bông Tây Ninh
62/9.jpg,Quyên Thân Thường Tín Hà Nội
